StateFIPS,CountyFIPS,StateAbbr,CountyName,RuralUrbanContinuumCode,UrbanInfluenceCode,MetroIndicator,CBSACode
1,1001,AL,Autauga,2,2,1,33860
1,1003,AL,Baldwin,3,2,1,19300
1,1007,AL,Bibb,1,1,1,13820
1,1009,AL,Blount,1,1,1,13820
1,1015,AL,Calhoun,3,2,1,11500
1,1021,AL,Chilton,1,1,1,13820
1,1033,AL,Colbert,3,2,1,22520
1,1051,AL,Elmore,2,2,1,33860
1,1055,AL,Etowah,3,2,1,23460
1,1061,AL,Geneva,3,2,1,20020
1,1065,AL,Hale,3,2,1,46220
1,1067,AL,Henry,3,2,1,20020
1,1069,AL,Houston,3,2,1,20020
1,1073,AL,Jefferson,1,1,1,13820
1,1077,AL,Lauderdale,3,2,1,22520
1,1079,AL,Lawrence,3,2,1,19460
1,1081,AL,Lee,3,2,1,12220
1,1083,AL,Limestone,2,2,1,26620
1,1085,AL,Lowndes,2,2,1,33860
1,1089,AL,Madison,2,2,1,26620
1,1097,AL,Mobile,2,2,1,33660
1,1101,AL,Montgomery,2,2,1,33860
1,1103,AL,Morgan,3,2,1,19460
1,1107,AL,Pickens,3,2,1,46220
1,1113,AL,Russell,2,2,1,17980
1,1115,AL,St. Clair,1,1,1,13820
1,1117,AL,Shelby,1,1,1,13820
1,1125,AL,Tuscaloosa,3,2,1,46220
1,1127,AL,Walker,1,1,1,13820
2,2020,AK,Anchorage Municipality,2,2,1,11260
2,2090,AK,Fairbanks North Star Borough,3,2,1,21820
2,2170,AK,Matanuska-Susitna Borough,2,2,1,11260
4,4003,AZ,Cochise,3,2,1,43420
4,4005,AZ,Coconino,3,2,1,22380
4,4013,AZ,Maricopa,1,1,1,38060
4,4015,AZ,Mohave,3,2,1,29420
4,4019,AZ,Pima,2,2,1,46060
4,4021,AZ,Pinal,1,1,1,38060
4,4025,AZ,Yavapai,3,2,1,39140
4,4027,AZ,Yuma,3,2,1,49740
5,5007,AR,Benton,2,2,1,22220
5,5025,AR,Cleveland,3,2,1,38220
5,5031,AR,Craighead,3,2,1,27860
5,5033,AR,Crawford,2,2,1,22900
5,5035,AR,Crittenden,1,1,1,32820
5,5045,AR,Faulkner,2,2,1,30780
5,5051,AR,Garland,3,2,1,26300
5,5053,AR,Grant,2,2,1,30780
5,5069,AR,Jefferson,3,2,1,38220
5,5079,AR,Lincoln,3,2,1,38220
5,5081,AR,Little River,3,2,1,45500
5,5085,AR,Lonoke,2,2,1,30780
5,5087,AR,Madison,2,2,1,22220
5,5091,AR,Miller,3,2,1,45500
5,5105,AR,Perry,2,2,1,30780
5,5111,AR,Poinsett,3,2,1,27860
5,5119,AR,Pulaski,2,2,1,30780
5,5125,AR,Saline,2,2,1,30780
5,5131,AR,Sebastian,2,2,1,22900
5,5143,AR,Washington,2,2,1,22220
6,6001,CA,Alameda,1,1,1,41860
6,6007,CA,Butte,3,2,1,17020
6,6013,CA,Contra Costa,1,1,1,41860
6,6017,CA,El Dorado,1,1,1,40900
6,6019,CA,Fresno,2,2,1,23420
6,6025,CA,Imperial,3,2,1,20940
6,6029,CA,Kern,2,2,1,12540
6,6031,CA,Kings,3,2,1,25260
6,6037,CA,Los Angeles,1,1,1,31080
6,6039,CA,Madera,3,2,1,31460
6,6041,CA,Marin,1,1,1,41860
6,6047,CA,Merced,2,2,1,32900
6,6053,CA,Monterey,2,2,1,41500
6,6055,CA,Napa,3,2,1,34900
6,6059,CA,Orange,1,1,1,31080
6,6061,CA,Placer,1,1,1,40900
6,6065,CA,Riverside,1,1,1,40140
6,6067,CA,Sacramento,1,1,1,40900
6,6069,CA,San Benito,1,1,1,41940
6,6071,CA,San Bernardino,1,1,1,40140
6,6073,CA,San Diego,1,1,1,41740
6,6075,CA,San Francisco,1,1,1,41860
6,6077,CA,San Joaquin,2,2,1,44700
6,6079,CA,San Luis Obispo,2,2,1,42020
6,6081,CA,San Mateo,1,1,1,41860
6,6083,CA,Santa Barbara,2,2,1,42200
6,6085,CA,Santa Clara,1,1,1,41940
6,6087,CA,Santa Cruz,2,2,1,42100
6,6089,CA,Shasta,3,2,1,39820
6,6095,CA,Solano,2,2,1,46700
6,6097,CA,Sonoma,2,2,1,42220
6,6099,CA,Stanislaus,2,2,1,33700
6,6101,CA,Sutter,3,2,1,49700
6,6107,CA,Tulare,2,2,1,47300
6,6111,CA,Ventura,2,2,1,37100
6,6113,CA,Yolo,1,1,1,40900
6,6115,CA,Yuba,3,2,1,49700
8,8001,CO,Adams,1,1,1,19740
8,8005,CO,Arapahoe,1,1,1,19740
8,8013,CO,Boulder,2,2,1,14500
8,8014,CO,Broomfield,1,1,1,19740
8,8019,CO,Clear Creek,1,1,1,19740
8,8031,CO,Denver,1,1,1,19740
8,8035,CO,Douglas,1,1,1,19740
8,8039,CO,Elbert,1,1,1,19740
8,8041,CO,El Paso,2,2,1,17820
8,8047,CO,Gilpin,1,1,1,19740
8,8059,CO,Jefferson,1,1,1,19740
8,8069,CO,Larimer,2,2,1,22660
8,8077,CO,Mesa,3,2,1,24300
8,8093,CO,Park,1,1,1,19740
8,8101,CO,Pueblo,3,2,1,39380
8,8119,CO,Teller,2,2,1,17820
8,8123,CO,Weld,2,2,1,24540
9,9001,CT,Fairfield,2,2,1,14860
9,9003,CT,Hartford,1,1,1,25540
9,9007,CT,Middlesex,1,1,1,25540
9,9009,CT,New Haven,2,2,1,35300
9,9011,CT,New London,2,2,1,35980
9,9013,CT,Tolland,1,1,1,25540
9,9015,CT,Windham,2,2,1,49340
10,10001,DE,Kent,3,2,1,20100
10,10003,DE,New Castle,1,1,1,37980
10,10005,DE,Sussex,2,2,1,41540
11,11001,DC,District of Columbia,1,1,1,47900
12,12001,FL,Alachua,2,2,1,23540
12,12003,FL,Baker,1,1,1,27260
12,12005,FL,Bay,3,2,1,37460
12,12009,FL,Brevard,2,2,1,37340
12,12011,FL,Broward,1,1,1,33100
12,12015,FL,Charlotte,3,2,1,39460
12,12017,FL,Citrus,3,2,1,26140
12,12019,FL,Clay,1,1,1,27260
12,12021,FL,Collier,2,2,1,34940
12,12031,FL,Duval,1,1,1,27260
12,12033,FL,Escambia,2,2,1,37860
12,12035,FL,Flagler,2,2,1,19660
12,12039,FL,Gadsden,2,2,1,45220
12,12041,FL,Gilchrist,2,2,1,23540
12,12045,FL,Gulf,3,2,1,37460
12,12053,FL,Hernando,1,1,1,45300
12,12055,FL,Highlands,3,2,1,42700
12,12057,FL,Hillsborough,1,1,1,45300
12,12061,FL,Indian River,3,2,1,42680
12,12065,FL,Jefferson,2,2,1,45220
12,12069,FL,Lake,1,1,1,36740
12,12071,FL,Lee,2,2,1,15980
12,12073,FL,Leon,2,2,1,45220
12,12081,FL,Manatee,2,2,1,35840
12,12083,FL,Marion,2,2,1,36100
12,12085,FL,Martin,2,2,1,38940
12,12086,FL,Miami-Dade,1,1,1,33100
12,12089,FL,Nassau,1,1,1,27260
12,12091,FL,Okaloosa,3,2,1,18880
12,12095,FL,Orange,1,1,1,36740
12,12097,FL,Osceola,1,1,1,36740
12,12099,FL,Palm Beach,1,1,1,33100
12,12101,FL,Pasco,1,1,1,45300
12,12103,FL,Pinellas,1,1,1,45300
12,12105,FL,Polk,2,2,1,29460
12,12109,FL,St. Johns,1,1,1,27260
12,12111,FL,St. Lucie,2,2,1,38940
12,12113,FL,Santa Rosa,2,2,1,37860
12,12115,FL,Sarasota,2,2,1,35840
12,12117,FL,Seminole,1,1,1,36740
12,12119,FL,Sumter,3,2,1,45540
12,12127,FL,Volusia,2,2,1,19660
12,12129,FL,Wakulla,2,2,1,45220
12,12131,FL,Walton,3,2,1,18880
13,13007,GA,Baker,3,2,1,10500
13,13013,GA,Barrow,1,1,1,12060
13,13015,GA,Bartow,1,1,1,12060
13,13021,GA,Bibb,3,2,1,31420
13,13025,GA,Brantley,3,2,1,15260
13,13027,GA,Brooks,3,2,1,46660
13,13029,GA,Bryan,2,2,1,42340
13,13033,GA,Burke,2,2,1,12260
13,13035,GA,Butts,1,1,1,12060
13,13045,GA,Carroll,1,1,1,12060
13,13047,GA,Catoosa,2,2,1,16860
13,13051,GA,Chatham,2,2,1,42340
13,13053,GA,Chattahoochee,2,2,1,17980
13,13057,GA,Cherokee,1,1,1,12060
13,13059,GA,Clarke,3,2,1,12020
13,13063,GA,Clayton,1,1,1,12060
13,13067,GA,Cobb,1,1,1,12060
13,13073,GA,Columbia,2,2,1,12260
13,13077,GA,Coweta,1,1,1,12060
13,13079,GA,Crawford,3,2,1,31420
13,13083,GA,Dade,2,2,1,16860
13,13085,GA,Dawson,1,1,1,12060
13,13089,GA,DeKalb,1,1,1,12060
13,13095,GA,Dougherty,3,2,1,10500
13,13097,GA,Douglas,1,1,1,12060
13,13101,GA,Echols,3,2,1,46660
13,13103,GA,Effingham,2,2,1,42340
13,13113,GA,Fayette,1,1,1,12060
13,13115,GA,Floyd,3,2,1,40660
13,13117,GA,Forsyth,1,1,1,12060
13,13121,GA,Fulton,1,1,1,12060
13,13127,GA,Glynn,3,2,1,15260
13,13135,GA,Gwinnett,1,1,1,12060
13,13139,GA,Hall,3,2,1,23580
13,13143,GA,Haralson,1,1,1,12060
13,13145,GA,Harris,2,2,1,17980
13,13149,GA,Heard,1,1,1,12060
13,13151,GA,Henry,1,1,1,12060
13,13153,GA,Houston,3,2,1,47580
13,13159,GA,Jasper,1,1,1,12060
13,13169,GA,Jones,3,2,1,31420
13,13171,GA,Lamar,1,1,1,12060
13,13173,GA,Lanier,3,2,1,46660
13,13177,GA,Lee,3,2,1,10500
13,13179,GA,Liberty,3,2,1,25980
13,13181,GA,Lincoln,2,2,1,12260
13,13183,GA,Long,3,2,1,25980
13,13185,GA,Lowndes,3,2,1,46660
13,13189,GA,McDuffie,2,2,1,12260
13,13191,GA,McIntosh,3,2,1,15260
13,13195,GA,Madison,3,2,1,12020
13,13197,GA,Marion,2,2,1,17980
13,13199,GA,Meriwether,1,1,1,12060
13,13207,GA,Monroe,3,2,1,31420
13,13211,GA,Morgan,1,1,1,12060
13,13213,GA,Murray,3,2,1,19140
13,13215,GA,Muscogee,2,2,1,17980
13,13217,GA,Newton,1,1,1,12060
13,13219,GA,Oconee,3,2,1,12020
13,13221,GA,Oglethorpe,3,2,1,12020
13,13223,GA,Paulding,1,1,1,12060
13,13225,GA,Peach,3,2,1,47580
13,13227,GA,Pickens,1,1,1,12060
13,13231,GA,Pike,1,1,1,12060
13,13235,GA,Pulaski,3,2,1,47580
13,13245,GA,Richmond,2,2,1,12260
13,13247,GA,Rockdale,1,1,1,12060
13,13255,GA,Spalding,1,1,1,12060
13,13273,GA,Terrell,3,2,1,10500
13,13289,GA,Twiggs,3,2,1,31420
13,13295,GA,Walker,2,2,1,16860
13,13297,GA,Walton,1,1,1,12060
13,13313,GA,Whitfield,3,2,1,19140
13,13321,GA,Worth,3,2,1,10500
15,15003,HI,Honolulu,2,2,1,46520
15,15009,HI,Maui,3,2,1,27980
16,16001,ID,Ada,2,2,1,14260
16,16005,ID,Bannock,3,2,1,38540
16,16015,ID,Boise,2,2,1,14260
16,16019,ID,Bonneville,3,2,1,26820
16,16023,ID,Butte,3,2,1,26820
16,16027,ID,Canyon,2,2,1,14260
16,16041,ID,Franklin,3,2,1,30860
16,16045,ID,Gem,2,2,1,14260
16,16051,ID,Jefferson,3,2,1,26820
16,16055,ID,Kootenai,3,2,1,17660
16,16069,ID,Nez Perce,3,2,1,30300
16,16073,ID,Owyhee,2,2,1,14260
17,17003,IL,Alexander,3,2,1,16020
17,17005,IL,Bond,1,1,1,41180
17,17007,IL,Boone,2,2,1,40420
17,17013,IL,Calhoun,1,1,1,41180
17,17019,IL,Champaign,3,2,1,16580
17,17027,IL,Clinton,1,1,1,41180
17,17031,IL,Cook,1,1,1,16980
17,17037,IL,DeKalb,1,1,1,16980
17,17039,IL,Dewitt,3,2,1,14010
17,17043,IL,DuPage,1,1,1,16980
17,17053,IL,Ford,3,2,1,16580
17,17063,IL,Grundy,1,1,1,16980
17,17073,IL,Henry,2,2,1,19340
17,17077,IL,Jackson,3,2,1,16060
17,17083,IL,Jersey,1,1,1,41180
17,17089,IL,Kane,1,1,1,16980
17,17091,IL,Kankakee,3,2,1,28100
17,17093,IL,Kendall,1,1,1,16980
17,17097,IL,Lake,1,1,1,16980
17,17111,IL,McHenry,1,1,1,16980
17,17113,IL,McLean,3,2,1,14010
17,17115,IL,Macon,3,2,1,19500
17,17117,IL,Macoupin,1,1,1,41180
17,17119,IL,Madison,1,1,1,41180
17,17123,IL,Marshall,2,2,1,37900
17,17129,IL,Menard,3,2,1,44100
17,17131,IL,Mercer,2,2,1,19340
17,17133,IL,Monroe,1,1,1,41180
17,17143,IL,Peoria,2,2,1,37900
17,17147,IL,Piatt,3,2,1,16580
17,17161,IL,Rock Island,2,2,1,19340
17,17163,IL,St. Clair,1,1,1,41180
17,17167,IL,Sangamon,3,2,1,44100
17,17175,IL,Stark,2,2,1,37900
17,17179,IL,Tazewell,2,2,1,37900
17,17183,IL,Vermilion,3,2,1,19180
17,17197,IL,Will,1,1,1,16980
17,17199,IL,Williamson,3,2,1,16060
17,17201,IL,Winnebago,2,2,1,40420
17,17203,IL,Woodford,2,2,1,37900
18,18003,IN,Allen,2,2,1,23060
18,18005,IN,Bartholomew,3,2,1,18020
18,18007,IN,Benton,3,2,1,29200
18,18011,IN,Boone,1,1,1,26900
18,18013,IN,Brown,1,1,1,26900
18,18015,IN,Carroll,3,2,1,29200
18,18019,IN,Clark,1,1,1,31140
18,18021,IN,Clay,3,2,1,45460
18,18029,IN,Dearborn,1,1,1,17140
18,18035,IN,Delaware,3,2,1,34620
18,18039,IN,Elkhart,3,2,1,21140
18,18043,IN,Floyd,1,1,1,31140
18,18057,IN,Hamilton,1,1,1,26900
18,18059,IN,Hancock,1,1,1,26900
18,18061,IN,Harrison,1,1,1,31140
18,18063,IN,Hendricks,1,1,1,26900
18,18067,IN,Howard,3,2,1,29020
18,18073,IN,Jasper,1,1,1,16980
18,18081,IN,Johnson,1,1,1,26900
18,18089,IN,Lake,1,1,1,16980
18,18091,IN,LaPorte,3,2,1,33140
18,18095,IN,Madison,1,1,1,26900
18,18097,IN,Marion,1,1,1,26900
18,18105,IN,Monroe,3,2,1,14020
18,18109,IN,Morgan,1,1,1,26900
18,18111,IN,Newton,1,1,1,16980
18,18115,IN,Ohio,1,1,1,17140
18,18119,IN,Owen,3,2,1,14020
18,18127,IN,Porter,1,1,1,16980
18,18129,IN,Posey,2,2,1,21780
18,18133,IN,Putnam,1,1,1,26900
18,18141,IN,St. Joseph,2,2,1,43780
18,18143,IN,Scott,1,1,1,31140
18,18145,IN,Shelby,1,1,1,26900
18,18153,IN,Sullivan,3,2,1,45460
18,18157,IN,Tippecanoe,3,2,1,29200
18,18161,IN,Union,1,1,1,17140
18,18163,IN,Vanderburgh,2,2,1,21780
18,18165,IN,Vermillion,3,2,1,45460
18,18167,IN,Vigo,3,2,1,45460
18,18173,IN,Warrick,2,2,1,21780
18,18175,IN,Washington,1,1,1,31140
18,18179,IN,Wells,2,2,1,23060
18,18183,IN,Whitley,2,2,1,23060
19,19011,IA,Benton,2,2,1,16300
19,19013,IA,Black Hawk,3,2,1,47940
19,19017,IA,Bremer,3,2,1,47940
19,19049,IA,Dallas,2,2,1,19780
19,19061,IA,Dubuque,3,2,1,20220
19,19075,IA,Grundy,3,2,1,47940
19,19077,IA,Guthrie,2,2,1,19780
19,19085,IA,Harrison,2,2,1,36540
19,19103,IA,Johnson,3,2,1,26980
19,19105,IA,Jones,2,2,1,16300
19,19113,IA,Linn,2,2,1,16300
19,19121,IA,Madison,2,2,1,19780
19,19129,IA,Mills,2,2,1,36540
19,19149,IA,Plymouth,3,2,1,43580
19,19153,IA,Polk,2,2,1,19780
19,19155,IA,Pottawattamie,2,2,1,36540
19,19163,IA,Scott,2,2,1,19340
19,19169,IA,Story,3,2,1,11180
19,19181,IA,Warren,2,2,1,19780
19,19183,IA,Washington,3,2,1,26980
19,19193,IA,Woodbury,3,2,1,43580
20,20015,KS,Butler,2,2,1,48620
20,20043,KS,Doniphan,3,2,1,41140
20,20045,KS,Douglas,3,2,1,29940
20,20079,KS,Harvey,2,2,1,48620
20,20085,KS,Jackson,3,2,1,45820
20,20087,KS,Jefferson,3,2,1,45820
20,20091,KS,Johnson,1,1,1,28140
20,20095,KS,Kingman,2,2,1,48620
20,20103,KS,Leavenworth,1,1,1,28140
20,20107,KS,Linn,1,1,1,28140
20,20121,KS,Miami,1,1,1,28140
20,20139,KS,Osage,3,2,1,45820
20,20149,KS,Pottawatomie,3,2,1,31740
20,20161,KS,Riley,3,2,1,31740
20,20173,KS,Sedgwick,2,2,1,48620
20,20177,KS,Shawnee,3,2,1,45820
20,20191,KS,Sumner,2,2,1,48620
20,20197,KS,Wabaunsee,3,2,1,45820
20,20209,KS,Wyandotte,1,1,1,28140
21,21003,KY,Allen,3,2,1,14540
21,21015,KY,Boone,1,1,1,17140
21,21017,KY,Bourbon,2,2,1,30460
21,21019,KY,Boyd,2,2,1,26580
21,21023,KY,Bracken,1,1,1,17140
21,21029,KY,Bullitt,1,1,1,31140
21,21031,KY,Butler,3,2,1,14540
21,21037,KY,Campbell,1,1,1,17140
21,21047,KY,Christian,2,2,1,17300
21,21049,KY,Clark,2,2,1,30460
21,21059,KY,Daviess,3,2,1,36980
21,21061,KY,Edmonson,3,2,1,14540
21,21067,KY,Fayette,2,2,1,30460
21,21077,KY,Gallatin,1,1,1,17140
21,21081,KY,Grant,1,1,1,17140
21,21089,KY,Greenup,2,2,1,26580
21,21091,KY,Hancock,3,2,1,36980
21,21093,KY,Hardin,3,2,1,21060
21,21101,KY,Henderson,2,2,1,21780
21,21103,KY,Henry,1,1,1,31140
21,21111,KY,Jefferson,1,1,1,31140
21,21113,KY,Jessamine,2,2,1,30460
21,21117,KY,Kenton,1,1,1,17140
21,21123,KY,Larue,3,2,1,21060
21,21149,KY,McLean,3,2,1,36980
21,21163,KY,Meade,3,2,1,21060
21,21185,KY,Oldham,1,1,1,31140
21,21191,KY,Pendleton,1,1,1,17140
21,21209,KY,Scott,2,2,1,30460
21,21211,KY,Shelby,1,1,1,31140
21,21215,KY,Spencer,1,1,1,31140
21,21221,KY,Trigg,2,2,1,17300
21,21223,KY,Trimble,1,1,1,31140
21,21227,KY,Warren,3,2,1,14540
21,21239,KY,Woodford,2,2,1,30460
22,22001,LA,Acadia Parish,2,2,1,29180
22,22005,LA,Ascension Parish,2,2,1,12940
22,22015,LA,Bossier Parish,2,2,1,43340
22,22017,LA,Caddo Parish,2,2,1,43340
22,22019,LA,Calcasieu Parish,3,2,1,29340
22,22023,LA,Cameron Parish,3,2,1,29340
22,22031,LA,De Soto Parish,2,2,1,43340
22,22033,LA,East Baton Rouge Parish,2,2,1,12940
22,22037,LA,East Feliciana Parish,2,2,1,12940
22,22043,LA,Grant Parish,3,2,1,10780
22,22045,LA,Iberia Parish,2,2,1,29180
22,22047,LA,Iberville Parish,2,2,1,12940
22,22051,LA,Jefferson Parish,1,1,1,35380
22,22055,LA,Lafayette Parish,2,2,1,29180
22,22057,LA,Lafourche Parish,3,2,1,26380
22,22063,LA,Livingston Parish,2,2,1,12940
22,22071,LA,Orleans Parish,1,1,1,35380
22,22073,LA,Ouachita Parish,3,2,1,33740
22,22075,LA,Plaquemines Parish,1,1,1,35380
22,22077,LA,Pointe Coupee Parish,2,2,1,12940
22,22079,LA,Rapides Parish,3,2,1,10780
22,22087,LA,St. Bernard Parish,1,1,1,35380
22,22089,LA,St. Charles Parish,1,1,1,35380
22,22091,LA,St. Helena Parish,2,2,1,12940
22,22093,LA,St. James Parish,1,1,1,35380
22,22095,LA,St. John the Baptist,1,1,1,35380
22,22099,LA,St. Martin Parish,2,2,1,29180
22,22103,LA,St. Tammany Parish,1,1,1,35380
22,22105,LA,Tangipahoa Parish,3,2,1,25220
22,22109,LA,Terrebonne Parish,3,2,1,26380
22,22111,LA,Union Parish,3,2,1,33740
22,22113,LA,Vermilion Parish,2,2,1,29180
22,22119,LA,Webster Parish,2,2,1,43340
22,22121,LA,West Baton Rouge Parish,2,2,1,12940
22,22125,LA,West Feliciana Parish,2,2,1,12940
23,23001,ME,Androscoggin,3,2,1,30340
23,23005,ME,Cumberland,2,2,1,38860
23,23019,ME,Penobscot,3,2,1,12620
23,23023,ME,Sagadahoc,2,2,1,38860
23,23031,ME,York,2,2,1,38860
24,24001,MD,Allegany,3,2,1,19060
24,24003,MD,Anne Arundel,1,1,1,12580
24,24005,MD,Baltimore,1,1,1,12580
24,24009,MD,Calvert,1,1,1,47900
24,24013,MD,Carroll,1,1,1,12580
24,24015,MD,Cecil,1,1,1,37980
24,24017,MD,Charles,1,1,1,47900
24,24021,MD,Frederick,1,1,1,47900
24,24025,MD,Harford,1,1,1,12580
24,24027,MD,Howard,1,1,1,12580
24,24031,MD,Montgomery,1,1,1,47900
24,24033,MD,Prince George's,1,1,1,47900
24,24035,MD,Queen Anne's,1,1,1,12580
24,24037,MD,St. Mary's,3,2,1,15680
24,24039,MD,Somerset,2,2,1,41540
24,24043,MD,Washington,2,2,1,25180
24,24045,MD,Wicomico,2,2,1,41540
24,24047,MD,Worcester,2,2,1,41540
24,24510,MD,Baltimore City,1,1,1,12580
25,25001,MA,Barnstable,3,2,1,12700
25,25003,MA,Berkshire,3,2,1,38340
25,25005,MA,Bristol,1,1,1,39300
25,25009,MA,Essex,1,1,1,14460
25,25013,MA,Hampden,2,2,1,44140
25,25015,MA,Hampshire,2,2,1,44140
25,25017,MA,Middlesex,1,1,1,14460
25,25021,MA,Norfolk,1,1,1,14460
25,25023,MA,Plymouth,1,1,1,14460
25,25025,MA,Suffolk,1,1,1,14460
25,25027,MA,Worcester,2,2,1,49340
26,26015,MI,Barry,2,2,1,24340
26,26017,MI,Bay,3,2,1,13020
26,26021,MI,Berrien,3,2,1,35660
26,26025,MI,Calhoun,3,2,1,12980
26,26027,MI,Cass,2,2,1,43780
26,26037,MI,Clinton,2,2,1,29620
26,26045,MI,Eaton,2,2,1,29620
26,26049,MI,Genesee,2,2,1,22420
26,26065,MI,Ingham,2,2,1,29620
26,26075,MI,Jackson,3,2,1,27100
26,26077,MI,Kalamazoo,2,2,1,28020
26,26081,MI,Kent,2,2,1,24340
26,26087,MI,Lapeer,1,1,1,19820
26,26093,MI,Livingston,1,1,1,19820
26,26099,MI,Macomb,1,1,1,19820
26,26111,MI,Midland,3,2,1,33220
26,26115,MI,Monroe,3,2,1,33780
26,26117,MI,Montcalm,2,2,1,24340
26,26121,MI,Muskegon,3,2,1,34740
26,26125,MI,Oakland,1,1,1,19820
26,26139,MI,Ottawa,2,2,1,24340
26,26145,MI,Saginaw,3,2,1,40980
26,26147,MI,St. Clair,1,1,1,19820
26,26159,MI,Van Buren,2,2,1,28020
26,26161,MI,Washtenaw,2,2,1,11460
26,26163,MI,Wayne,1,1,1,19820
27,27003,MN,Anoka,1,1,1,33460
27,27009,MN,Benton,3,2,1,41060
27,27013,MN,Blue Earth,3,2,1,31860
27,27017,MN,Carlton,2,2,1,20260
27,27019,MN,Carver,1,1,1,33460
27,27025,MN,Chisago,1,1,1,33460
27,27027,MN,Clay,3,2,1,22020
27,27037,MN,Dakota,1,1,1,33460
27,27039,MN,Dodge,3,2,1,40340
27,27045,MN,Fillmore,3,2,1,40340
27,27053,MN,Hennepin,1,1,1,33460
27,27055,MN,Houston,3,2,1,29100
27,27059,MN,Isanti,1,1,1,33460
27,27079,MN,Le Sueur,1,1,1,33460
27,27095,MN,Mille Lacs,1,1,1,33460
27,27103,MN,Nicollet,3,2,1,31860
27,27109,MN,Olmsted,3,2,1,40340
27,27119,MN,Polk,3,2,1,24220
27,27123,MN,Ramsey,1,1,1,33460
27,27137,MN,St. Louis,2,2,1,20260
27,27139,MN,Scott,1,1,1,33460
27,27141,MN,Sherburne,1,1,1,33460
27,27143,MN,Sibley,1,1,1,33460
27,27145,MN,Stearns,3,2,1,41060
27,27157,MN,Wabasha,3,2,1,40340
27,27163,MN,Washington,1,1,1,33460
27,27171,MN,Wright,1,1,1,33460
28,28009,MS,Benton,1,1,1,32820
28,28029,MS,Copiah,2,2,1,27140
28,28033,MS,DeSoto,1,1,1,32820
28,28035,MS,Forrest,3,2,1,25620
28,28045,MS,Hancock,2,2,1,25060
28,28047,MS,Harrison,2,2,1,25060
28,28049,MS,Hinds,2,2,1,27140
28,28059,MS,Jackson,2,2,1,25060
28,28073,MS,Lamar,3,2,1,25620
28,28089,MS,Madison,2,2,1,27140
28,28093,MS,Marshall,1,1,1,32820
28,28111,MS,Perry,3,2,1,25620
28,28121,MS,Rankin,2,2,1,27140
28,28127,MS,Simpson,2,2,1,27140
28,28137,MS,Tate,1,1,1,32820
28,28143,MS,Tunica,1,1,1,32820
28,28163,MS,Yazoo,2,2,1,27140
29,29003,MO,Andrew,3,2,1,41140
29,29013,MO,Bates,1,1,1,28140
29,29017,MO,Bollinger,3,2,1,16020
29,29019,MO,Boone,3,2,1,17860
29,29021,MO,Buchanan,3,2,1,41140
29,29025,MO,Caldwell,1,1,1,28140
29,29027,MO,Callaway,3,2,1,27620
29,29031,MO,Cape Girardeau,3,2,1,16020
29,29037,MO,Cass,1,1,1,28140
29,29043,MO,Christian,2,2,1,44180
29,29047,MO,Clay,1,1,1,28140
29,29049,MO,Clinton,1,1,1,28140
29,29051,MO,Cole,3,2,1,27620
29,29059,MO,Dallas,2,2,1,44180
29,29063,MO,DeKalb,3,2,1,41140
29,29071,MO,Franklin,1,1,1,41180
29,29077,MO,Greene,2,2,1,44180
29,29095,MO,Jackson,1,1,1,28140
29,29097,MO,Jasper,3,2,1,27900
29,29099,MO,Jefferson,1,1,1,41180
29,29107,MO,Lafayette,1,1,1,28140
29,29113,MO,Lincoln,1,1,1,41180
29,29119,MO,McDonald,2,2,1,22220
29,29135,MO,Moniteau,3,2,1,27620
29,29145,MO,Newton,3,2,1,27900
29,29151,MO,Osage,3,2,1,27620
29,29165,MO,Platte,1,1,1,28140
29,29167,MO,Polk,2,2,1,44180
29,29177,MO,Ray,1,1,1,28140
29,29183,MO,St. Charles,1,1,1,41180
29,29189,MO,St. Louis,1,1,1,41180
29,29219,MO,Warren,1,1,1,41180
29,29225,MO,Webster,2,2,1,44180
29,29510,MO,St. Louis city,1,1,1,41180
30,30009,MT,Carbon,3,2,1,13740
30,30013,MT,Cascade,3,2,1,24500
30,30037,MT,Golden Valley,3,2,1,13740
30,30063,MT,Missoula,3,2,1,33540
30,30111,MT,Yellowstone,3,2,1,13740
31,31025,NE,Cass,2,2,1,36540
31,31043,NE,Dakota,3,2,1,43580
31,31051,NE,Dixon,3,2,1,43580
31,31055,NE,Douglas,2,2,1,36540
31,31079,NE,Hall,3,2,1,24260
31,31081,NE,Hamilton,3,2,1,24260
31,31093,NE,Howard,3,2,1,24260
31,31109,NE,Lancaster,2,2,1,30700
31,31121,NE,Merrick,3,2,1,24260
31,31153,NE,Sarpy,2,2,1,36540
31,31155,NE,Saunders,2,2,1,36540
31,31159,NE,Seward,2,2,1,30700
31,31177,NE,Washington,2,2,1,36540
32,32003,NV,Clark,1,1,1,29820
32,32029,NV,Storey,2,2,1,39900
32,32031,NV,Washoe,2,2,1,39900
32,32510,NV,Carson City,3,2,1,16180
33,33011,NH,Hillsborough,2,2,1,31700
33,33015,NH,Rockingham,1,1,1,14460
33,33017,NH,Strafford,1,1,1,14460
34,34001,NJ,Atlantic,2,2,1,12100
34,34003,NJ,Bergen,1,1,1,35620
34,34005,NJ,Burlington,1,1,1,37980
34,34007,NJ,Camden,1,1,1,37980
34,34009,NJ,Cape May,3,2,1,36140
34,34011,NJ,Cumberland,3,2,1,47220
34,34013,NJ,Essex,1,1,1,35620
34,34015,NJ,Gloucester,1,1,1,37980
34,34017,NJ,Hudson,1,1,1,35620
34,34019,NJ,Hunterdon,1,1,1,35620
34,34021,NJ,Mercer,2,2,1,45940
34,34023,NJ,Middlesex,1,1,1,35620
34,34025,NJ,Monmouth,1,1,1,35620
34,34027,NJ,Morris,1,1,1,35620
34,34029,NJ,Ocean,1,1,1,35620
34,34031,NJ,Passaic,1,1,1,35620
34,34033,NJ,Salem,1,1,1,37980
34,34035,NJ,Somerset,1,1,1,35620
34,34037,NJ,Sussex,1,1,1,35620
34,34039,NJ,Union,1,1,1,35620
34,34041,NJ,Warren,2,2,1,10900
35,35001,NM,Bernalillo,2,2,1,10740
35,35013,NM,Dona Ana,3,2,1,29740
35,35043,NM,Sandoval,2,2,1,10740
35,35045,NM,San Juan,3,2,1,22140
35,35049,NM,Santa Fe,3,2,1,42140
35,35057,NM,Torrance,2,2,1,10740
35,35061,NM,Valencia,2,2,1,10740
36,36001,NY,Albany,2,2,1,10580
36,36005,NY,Bronx,1,1,1,35620
36,36007,NY,Broome,2,2,1,13780
36,36015,NY,Chemung,3,2,1,21300
36,36027,NY,Dutchess,1,1,1,35620
36,36029,NY,Erie,1,1,1,15380
36,36043,NY,Herkimer,2,2,1,46540
36,36045,NY,Jefferson,3,2,1,48060
36,36047,NY,Kings,1,1,1,35620
36,36051,NY,Livingston,1,1,1,40380
36,36053,NY,Madison,2,2,1,45060
36,36055,NY,Monroe,1,1,1,40380
36,36059,NY,Nassau,1,1,1,35620
36,36061,NY,New York,1,1,1,35620
36,36063,NY,Niagara,1,1,1,15380
36,36065,NY,Oneida,2,2,1,46540
36,36067,NY,Onondaga,2,2,1,45060
36,36069,NY,Ontario,1,1,1,40380
36,36071,NY,Orange,1,1,1,35620
36,36073,NY,Orleans,1,1,1,40380
36,36075,NY,Oswego,2,2,1,45060
36,36079,NY,Putnam,1,1,1,35620
36,36081,NY,Queens,1,1,1,35620
36,36083,NY,Rensselaer,2,2,1,10580
36,36085,NY,Richmond,1,1,1,35620
36,36087,NY,Rockland,1,1,1,35620
36,36091,NY,Saratoga,2,2,1,10580
36,36093,NY,Schenectady,2,2,1,10580
36,36095,NY,Schoharie,2,2,1,10580
36,36103,NY,Suffolk,1,1,1,35620
36,36107,NY,Tioga,2,2,1,13780
36,36109,NY,Tompkins,3,2,1,27060
36,36111,NY,Ulster,3,2,1,28740
36,36113,NY,Warren,3,2,1,24020
36,36115,NY,Washington,3,2,1,24020
36,36117,NY,Wayne,1,1,1,40380
36,36119,NY,Westchester,1,1,1,35620
36,36123,NY,Yates,1,1,1,40380
37,37001,NC,Alamance,3,2,1,15500
37,37003,NC,Alexander,2,2,1,25860
37,37019,NC,Brunswick,2,2,1,34820
37,37021,NC,Buncombe,2,2,1,11700
37,37023,NC,Burke,2,2,1,25860
37,37025,NC,Cabarrus,1,1,1,16740
37,37027,NC,Caldwell,2,2,1,25860
37,37035,NC,Catawba,2,2,1,25860
37,37037,NC,Chatham,2,2,1,20500
37,37049,NC,Craven,3,2,1,35100
37,37051,NC,Cumberland,2,2,1,22180
37,37053,NC,Currituck,1,1,1,47260
37,37057,NC,Davidson,2,2,1,49180
37,37059,NC,Davie,2,2,1,49180
37,37063,NC,Durham,2,2,1,20500
37,37065,NC,Edgecombe,3,2,1,40580
37,37067,NC,Forsyth,2,2,1,49180
37,37069,NC,Franklin,1,1,1,39580
37,37071,NC,Gaston,1,1,1,16740
37,37073,NC,Gates,1,1,1,47260
37,37081,NC,Guilford,2,2,1,24660
37,37087,NC,Haywood,2,2,1,11700
37,37089,NC,Henderson,2,2,1,11700
37,37093,NC,Hoke,2,2,1,22180
37,37097,NC,Iredell,1,1,1,16740
37,37101,NC,Johnston,1,1,1,39580
37,37103,NC,Jones,3,2,1,35100
37,37109,NC,Lincoln,1,1,1,16740
37,37115,NC,Madison,2,2,1,11700
37,37119,NC,Mecklenburg,1,1,1,16740
37,37127,NC,Nash,3,2,1,40580
37,37129,NC,New Hanover,2,2,1,48900
37,37133,NC,Onslow,3,2,1,27340
37,37135,NC,Orange,2,2,1,20500
37,37137,NC,Pamlico,3,2,1,35100
37,37141,NC,Pender,2,2,1,48900
37,37145,NC,Person,2,2,1,20500
37,37147,NC,Pitt,3,2,1,24780
37,37151,NC,Randolph,2,2,1,24660
37,37157,NC,Rockingham,2,2,1,24660
37,37159,NC,Rowan,1,1,1,16740
37,37169,NC,Stokes,2,2,1,49180
37,37179,NC,Union,1,1,1,16740
37,37183,NC,Wake,1,1,1,39580
37,37191,NC,Wayne,3,2,1,24140
37,37197,NC,Yadkin,2,2,1,49180
38,38015,ND,Burleigh,3,2,1,13900
38,38017,ND,Cass,3,2,1,22020
38,38035,ND,Grand Forks,3,2,1,24220
38,38059,ND,Morton,3,2,1,13900
38,38065,ND,Oliver,3,2,1,13900
38,38085,ND,Sioux,3,2,1,13900
39,39003,OH,Allen,3,2,1,30620
39,39013,OH,Belmont,3,2,1,48540
39,39015,OH,Brown,1,1,1,17140
39,39017,OH,Butler,1,1,1,17140
39,39019,OH,Carroll,2,2,1,15940
39,39023,OH,Clark,3,2,1,44220
39,39025,OH,Clermont,1,1,1,17140
39,39035,OH,Cuyahoga,1,1,1,17460
39,39041,OH,Delaware,1,1,1,18140
39,39045,OH,Fairfield,1,1,1,18140
39,39049,OH,Franklin,1,1,1,18140
39,39051,OH,Fulton,2,2,1,45780
39,39055,OH,Geauga,1,1,1,17460
39,39057,OH,Greene,2,2,1,19380
39,39061,OH,Hamilton,1,1,1,17140
39,39073,OH,Hocking,1,1,1,18140
39,39081,OH,Jefferson,3,2,1,48260
39,39085,OH,Lake,1,1,1,17460
39,39087,OH,Lawrence,2,2,1,26580
39,39089,OH,Licking,1,1,1,18140
39,39093,OH,Lorain,1,1,1,17460
39,39095,OH,Lucas,2,2,1,45780
39,39097,OH,Madison,1,1,1,18140
39,39099,OH,Mahoning,2,2,1,49660
39,39103,OH,Medina,1,1,1,17460
39,39109,OH,Miami,2,2,1,19380
39,39113,OH,Montgomery,2,2,1,19380
39,39117,OH,Morrow,1,1,1,18140
39,39127,OH,Perry,1,1,1,18140
39,39129,OH,Pickaway,1,1,1,18140
39,39133,OH,Portage,2,2,1,10420
39,39139,OH,Richland,3,2,1,31900
39,39151,OH,Stark,2,2,1,15940
39,39153,OH,Summit,2,2,1,10420
39,39155,OH,Trumbull,2,2,1,49660
39,39159,OH,Union,1,1,1,18140
39,39165,OH,Warren,1,1,1,17140
39,39173,OH,Wood,2,2,1,45780
40,40017,OK,Canadian,1,1,1,36420
40,40027,OK,Cleveland,1,1,1,36420
40,40031,OK,Comanche,3,2,1,30020
40,40033,OK,Cotton,3,2,1,30020
40,40037,OK,Creek,2,2,1,46140
40,40047,OK,Garfield,5,8,0,21420
40,40051,OK,Grady,1,1,1,36420
40,40079,OK,Le Flore,2,2,1,22900
40,40081,OK,Lincoln,1,1,1,36420
40,40083,OK,Logan,1,1,1,36420
40,40087,OK,McClain,1,1,1,36420
40,40109,OK,Oklahoma,1,1,1,36420
40,40111,OK,Okmulgee,2,2,1,46140
40,40113,OK,Osage,2,2,1,46140
40,40117,OK,Pawnee,2,2,1,46140
40,40131,OK,Rogers,2,2,1,46140
40,40135,OK,Sequoyah,2,2,1,22900
40,40143,OK,Tulsa,2,2,1,46140
40,40145,OK,Wagoner,2,2,1,46140
41,41003,OR,Benton,3,2,1,18700
41,41005,OR,Clackamas,1,1,1,38900
41,41009,OR,Columbia,1,1,1,38900
41,41017,OR,Deschutes,3,2,1,13460
41,41029,OR,Jackson,3,2,1,32780
41,41033,OR,Josephine,3,2,1,24420
41,41039,OR,Lane,2,2,1,21660
41,41043,OR,Linn,3,2,1,10540
41,41047,OR,Marion,2,2,1,41420
41,41051,OR,Multnomah,1,1,1,38900
41,41053,OR,Polk,2,2,1,41420
41,41067,OR,Washington,1,1,1,38900
41,41071,OR,Yamhill,1,1,1,38900
42,42001,PA,Adams,3,2,1,23900
42,42003,PA,Allegheny,1,1,1,38300
42,42005,PA,Armstrong,1,1,1,38300
42,42007,PA,Beaver,1,1,1,38300
42,42011,PA,Berks,2,2,1,39740
42,42013,PA,Blair,3,2,1,11020
42,42017,PA,Bucks,1,1,1,37980
42,42019,PA,Butler,1,1,1,38300
42,42021,PA,Cambria,3,2,1,27780
42,42025,PA,Carbon,2,2,1,10900
42,42027,PA,Centre,3,2,1,44300
42,42029,PA,Chester,1,1,1,37980
42,42037,PA,Columbia,3,2,1,14100
42,42041,PA,Cumberland,2,2,1,25420
42,42043,PA,Dauphin,2,2,1,25420
42,42045,PA,Delaware,1,1,1,37980
42,42049,PA,Erie,2,2,1,21500
42,42051,PA,Fayette,1,1,1,38300
42,42055,PA,Franklin,3,2,1,16540
42,42069,PA,Lackawanna,2,2,1,42540
42,42071,PA,Lancaster,2,2,1,29540
42,42075,PA,Lebanon,3,2,1,30140
42,42077,PA,Lehigh,2,2,1,10900
42,42079,PA,Luzerne,2,2,1,42540
42,42081,PA,Lycoming,3,2,1,48700
42,42085,PA,Mercer,2,2,1,49660
42,42089,PA,Monroe,3,2,1,20700
42,42091,PA,Montgomery,1,1,1,37980
42,42093,PA,Montour,3,2,1,14100
42,42095,PA,Northampton,2,2,1,10900
42,42099,PA,Perry,2,2,1,25420
42,42101,PA,Philadelphia,1,1,1,37980
42,42103,PA,Pike,1,1,1,35620
42,42125,PA,Washington,1,1,1,38300
42,42129,PA,Westmoreland,1,1,1,38300
42,42131,PA,Wyoming,2,2,1,42540
42,42133,PA,York,2,2,1,49620
44,44001,RI,Bristol,1,1,1,39300
44,44003,RI,Kent,1,1,1,39300
44,44005,RI,Newport,1,1,1,39300
44,44007,RI,Providence,1,1,1,39300
44,44009,RI,Washington,1,1,1,39300
45,45003,SC,Aiken,2,2,1,12260
45,45007,SC,Anderson,2,2,1,24860
45,45013,SC,Beaufort,3,2,1,25940
45,45015,SC,Berkeley,2,2,1,16700
45,45017,SC,Calhoun,2,2,1,17900
45,45019,SC,Charleston,2,2,1,16700
45,45023,SC,Chester,1,1,1,16740
45,45031,SC,Darlington,3,2,1,22500
45,45035,SC,Dorchester,2,2,1,16700
45,45037,SC,Edgefield,2,2,1,12260
45,45039,SC,Fairfield,2,2,1,17900
45,45041,SC,Florence,3,2,1,22500
45,45045,SC,Greenville,2,2,1,24860
45,45051,SC,Horry,2,2,1,34820
45,45053,SC,Jasper,3,2,1,25940
45,45055,SC,Kershaw,2,2,1,17900
45,45057,SC,Lancaster,1,1,1,16740
45,45059,SC,Laurens,2,2,1,24860
45,45063,SC,Lexington,2,2,1,17900
45,45077,SC,Pickens,2,2,1,24860
45,45079,SC,Richland,2,2,1,17900
45,45081,SC,Saluda,2,2,1,17900
45,45083,SC,Spartanburg,2,2,1,43900
45,45085,SC,Sumter,3,2,1,44940
45,45087,SC,Union,2,2,1,43900
45,45091,SC,York,1,1,1,16740
46,46033,SD,Custer,3,2,1,39660
46,46083,SD,Lincoln,3,2,1,43620
46,46087,SD,McCook,3,2,1,43620
46,46093,SD,Meade,3,2,1,39660
46,46099,SD,Minnehaha,3,2,1,43620
46,46103,SD,Pennington,3,2,1,39660
46,46125,SD,Turner,3,2,1,43620
46,46127,SD,Union,3,2,1,43580
47,47001,TN,Anderson,2,2,1,28940
47,47009,TN,Blount,2,2,1,28940
47,47011,TN,Bradley,3,2,1,17420
47,47013,TN,Campbell,2,2,1,28940
47,47015,TN,Cannon,1,1,1,34980
47,47019,TN,Carter,3,2,1,27740
47,47021,TN,Cheatham,1,1,1,34980
47,47023,TN,Chester,3,2,1,27180
47,47033,TN,Crockett,3,2,1,27180
47,47037,TN,Davidson,1,1,1,34980
47,47043,TN,Dickson,1,1,1,34980
47,47047,TN,Fayette,1,1,1,32820
47,47057,TN,Grainger,2,2,1,28940
47,47063,TN,Hamblen,3,2,1,34100
47,47065,TN,Hamilton,2,2,1,16860
47,47073,TN,Hawkins,2,2,1,28700
47,47081,TN,Hickman,1,1,1,34980
47,47089,TN,Jefferson,3,2,1,34100
47,47093,TN,Knox,2,2,1,28940
47,47105,TN,Loudon,2,2,1,28940
47,47111,TN,Macon,1,1,1,34980
47,47113,TN,Madison,3,2,1,27180
47,47115,TN,Marion,2,2,1,16860
47,47119,TN,Maury,1,1,1,34980
47,47125,TN,Montgomery,2,2,1,17300
47,47129,TN,Morgan,2,2,1,28940
47,47139,TN,Polk,3,2,1,17420
47,47145,TN,Roane,2,2,1,28940
47,47147,TN,Robertson,1,1,1,34980
47,47149,TN,Rutherford,1,1,1,34980
47,47153,TN,Sequatchie,2,2,1,16860
47,47157,TN,Shelby,1,1,1,32820
47,47159,TN,Smith,1,1,1,34980
47,47163,TN,Sullivan,2,2,1,28700
47,47165,TN,Sumner,1,1,1,34980
47,47167,TN,Tipton,1,1,1,32820
47,47169,TN,Trousdale,1,1,1,34980
47,47171,TN,Unicoi,3,2,1,27740
47,47173,TN,Union,2,2,1,28940
47,47179,TN,Washington,3,2,1,27740
47,47187,TN,Williamson,1,1,1,34980
47,47189,TN,Wilson,1,1,1,34980
48,48007,TX,Aransas,2,2,1,18580
48,48009,TX,Archer,3,2,1,48660
48,48011,TX,Armstrong,2,2,1,11100
48,48013,TX,Atascosa,1,1,1,41700
48,48015,TX,Austin,1,1,1,26420
48,48019,TX,Bandera,1,1,1,41700
48,48021,TX,Bastrop,1,1,1,12420
48,48027,TX,Bell,2,2,1,28660
48,48029,TX,Bexar,1,1,1,41700
48,48037,TX,Bowie,3,2,1,45500
48,48039,TX,Brazoria,1,1,1,26420
48,48041,TX,Brazos,3,2,1,17780
48,48051,TX,Burleson,3,2,1,17780
48,48055,TX,Caldwell,1,1,1,12420
48,48059,TX,Callahan,3,2,1,10180
48,48061,TX,Cameron,2,2,1,15180
48,48065,TX,Carson,2,2,1,11100
48,48071,TX,Chambers,1,1,1,26420
48,48077,TX,Clay,3,2,1,48660
48,48085,TX,Collin,1,1,1,19100
48,48091,TX,Comal,1,1,1,41700
48,48099,TX,Coryell,2,2,1,28660
48,48107,TX,Crosby,2,2,1,31180
48,48113,TX,Dallas,1,1,1,19100
48,48121,TX,Denton,1,1,1,19100
48,48135,TX,Ector,3,2,1,36220
48,48139,TX,Ellis,1,1,1,19100
48,48141,TX,El Paso,2,2,1,21340
48,48145,TX,Falls,2,2,1,47380
48,48157,TX,Fort Bend,1,1,1,26420
48,48167,TX,Galveston,1,1,1,26420
48,48175,TX,Goliad,3,2,1,47020
48,48181,TX,Grayson,3,2,1,43300
48,48183,TX,Gregg,3,2,1,30980
48,48187,TX,Guadalupe,1,1,1,41700
48,48199,TX,Hardin,2,2,1,13140
48,48201,TX,Harris,1,1,1,26420
48,48209,TX,Hays,1,1,1,12420
48,48215,TX,Hidalgo,2,2,1,32580
48,48221,TX,Hood,1,1,1,19100
48,48229,TX,Hudspeth,2,2,1,21340
48,48231,TX,Hunt,1,1,1,19100
48,48235,TX,Irion,3,2,1,41660
48,48245,TX,Jefferson,2,2,1,13140
48,48251,TX,Johnson,1,1,1,19100
48,48253,TX,Jones,3,2,1,10180
48,48257,TX,Kaufman,1,1,1,19100
48,48259,TX,Kendall,1,1,1,41700
48,48281,TX,Lampasas,2,2,1,28660
48,48291,TX,Liberty,1,1,1,26420
48,48303,TX,Lubbock,2,2,1,31180
48,48305,TX,Lynn,2,2,1,31180
48,48309,TX,McLennan,2,2,1,47380
48,48317,TX,Martin,3,2,1,33260
48,48325,TX,Medina,1,1,1,41700
48,48329,TX,Midland,3,2,1,33260
48,48339,TX,Montgomery,1,1,1,26420
48,48351,TX,Newton,2,2,1,13140
48,48355,TX,Nueces,2,2,1,18580
48,48359,TX,Oldham,2,2,1,11100
48,48361,TX,Orange,2,2,1,13140
48,48367,TX,Parker,1,1,1,19100
48,48375,TX,Potter,2,2,1,11100
48,48381,TX,Randall,2,2,1,11100
48,48395,TX,Robertson,3,2,1,17780
48,48397,TX,Rockwall,1,1,1,19100
48,48401,TX,Rusk,3,2,1,30980
48,48409,TX,San Patricio,2,2,1,18580
48,48423,TX,Smith,3,2,1,46340
48,48425,TX,Somervell,1,1,1,19100
48,48439,TX,Tarrant,1,1,1,19100
48,48441,TX,Taylor,3,2,1,10180
48,48451,TX,Tom Green,3,2,1,41660
48,48453,TX,Travis,1,1,1,12420
48,48459,TX,Upshur,3,2,1,30980
48,48469,TX,Victoria,3,2,1,47020
48,48473,TX,Waller,1,1,1,26420
48,48479,TX,Webb,2,2,1,29700
48,48485,TX,Wichita,3,2,1,48660
48,48491,TX,Williamson,1,1,1,12420
48,48493,TX,Wilson,1,1,1,41700
48,48497,TX,Wise,1,1,1,19100
49,49003,UT,Box Elder,2,2,1,36260
49,49005,UT,Cache,3,2,1,30860
49,49011,UT,Davis,2,2,1,36260
49,49023,UT,Juab,2,2,1,39340
49,49029,UT,Morgan,2,2,1,36260
49,49035,UT,Salt Lake,1,1,1,41620
49,49045,UT,Tooele,1,1,1,41620
49,49049,UT,Utah,2,2,1,39340
49,49053,UT,Washington,3,2,1,41100
49,49057,UT,Weber,2,2,1,36260
50,50007,VT,Chittenden,3,2,1,15540
50,50011,VT,Franklin,3,2,1,15540
50,50013,VT,Grand Isle,3,2,1,15540
51,51003,VA,Albemarle,3,2,1,16820
51,51007,VA,Amelia,1,1,1,40060
51,51009,VA,Amherst,2,2,1,31340
51,51011,VA,Appomattox,2,2,1,31340
51,51013,VA,Arlington,1,1,1,47900
51,51015,VA,Augusta,3,2,1,44420
51,51019,VA,Bedford,2,2,1,31340
51,51023,VA,Botetourt,2,2,1,40220
51,51029,VA,Buckingham,3,2,1,16820
51,51031,VA,Campbell,2,2,1,31340
51,51033,VA,Caroline,1,1,1,40060
51,51036,VA,Charles City,1,1,1,40060
51,51041,VA,Chesterfield,1,1,1,40060
51,51043,VA,Clarke,1,1,1,47900
51,51045,VA,Craig,2,2,1,40220
51,51047,VA,Culpeper,1,1,1,47900
51,51053,VA,Dinwiddie,1,1,1,40060
51,51059,VA,Fairfax,1,1,1,47900
51,51061,VA,Fauquier,1,1,1,47900
51,51063,VA,Floyd,3,2,1,13980
51,51065,VA,Fluvanna,3,2,1,16820
51,51067,VA,Franklin,2,2,1,40220
51,51069,VA,Frederick,3,2,1,49020
51,51071,VA,Giles,3,2,1,13980
51,51073,VA,Gloucester,1,1,1,47260
51,51075,VA,Goochland,1,1,1,40060
51,51079,VA,Greene,3,2,1,16820
51,51085,VA,Hanover,1,1,1,40060
51,51087,VA,Henrico,1,1,1,40060
51,51093,VA,Isle of Wight,1,1,1,47260
51,51095,VA,James City,1,1,1,47260
51,51101,VA,King William,1,1,1,40060
51,51107,VA,Loudoun,1,1,1,47900
51,51115,VA,Mathews,1,1,1,47260
51,51121,VA,Montgomery,3,2,1,13980
51,51125,VA,Nelson,3,2,1,16820
51,51127,VA,New Kent,1,1,1,40060
51,51145,VA,Powhatan,1,1,1,40060
51,51149,VA,Prince George,1,1,1,40060
51,51153,VA,Prince William,1,1,1,47900
51,51155,VA,Pulaski,3,2,1,13980
51,51157,VA,Rappahannock,1,1,1,47900
51,51161,VA,Roanoke,2,2,1,40220
51,51165,VA,Rockingham,3,2,1,25500
51,51169,VA,Scott,2,2,1,28700
51,51177,VA,Spotsylvania,1,1,1,47900
51,51179,VA,Stafford,1,1,1,47900
51,51183,VA,Sussex,1,1,1,40060
51,51187,VA,Warren,1,1,1,47900
51,51191,VA,Washington,2,2,1,28700
51,51199,VA,York,1,1,1,47260
51,51510,VA,Alexandria City,1,1,1,47900
51,51520,VA,Bristol City,2,2,1,28700
51,51540,VA,Charlottesville City,3,2,1,16820
51,51550,VA,Chesapeake City,1,1,1,47260
51,51570,VA,Colonial Heights City,1,1,1,40060
51,51600,VA,Fairfax City,1,1,1,47900
51,51610,VA,Falls Church City,1,1,1,47900
51,51630,VA,Fredericksburg City,1,1,1,47900
51,51650,VA,Hampton City,1,1,1,47260
51,51660,VA,Harrisonburg City,3,2,1,25500
51,51670,VA,Hopewell City,1,1,1,40060
51,51680,VA,Lynchburg City,2,2,1,31340
51,51683,VA,Manassas City,1,1,1,47900
51,51685,VA,Manassas Park City,1,1,1,47900
51,51700,VA,Newport News City,1,1,1,47260
51,51710,VA,Norfolk City,1,1,1,47260
51,51730,VA,Petersburg City,1,1,1,40060
51,51735,VA,Poquoson City,1,1,1,47260
51,51740,VA,Portsmouth City,1,1,1,47260
51,51750,VA,Radford City,3,2,1,13980
51,51760,VA,Richmond City,1,1,1,40060
51,51770,VA,Roanoke City,2,2,1,40220
51,51775,VA,Salem City,2,2,1,40220
51,51790,VA,Staunton City,3,2,1,44420
51,51800,VA,Suffolk City,1,1,1,47260
51,51810,VA,Virginia Beach City,1,1,1,47260
51,51820,VA,Waynesboro City,3,2,1,44420
51,51830,VA,Williamsburg City,1,1,1,47260
51,51840,VA,Winchester City,3,2,1,49020
53,53003,WA,Asotin,3,2,1,30300
53,53005,WA,Benton,2,2,1,28420
53,53007,WA,Chelan,3,2,1,48300
53,53011,WA,Clark,1,1,1,38900
53,53013,WA,Columbia,3,2,1,47460
53,53015,WA,Cowlitz,3,2,1,31020
53,53017,WA,Douglas,3,2,1,48300
53,53021,WA,Franklin,2,2,1,28420
53,53033,WA,King,1,1,1,42660
53,53035,WA,Kitsap,2,2,1,14740
53,53051,WA,Pend Oreille,2,2,1,44060
53,53053,WA,Pierce,1,1,1,42660
53,53057,WA,Skagit,3,2,1,34580
53,53059,WA,Skamania,1,1,1,38900
53,53061,WA,Snohomish,1,1,1,42660
53,53063,WA,Spokane,2,2,1,44060
53,53065,WA,Stevens,2,2,1,44060
53,53067,WA,Thurston,2,2,1,36500
53,53071,WA,Walla Walla,3,2,1,47460
53,53073,WA,Whatcom,3,2,1,13380
53,53077,WA,Yakima,3,2,1,49420
54,54003,WV,Berkeley,2,2,1,25180
54,54005,WV,Boone,3,2,1,16620
54,54009,WV,Brooke,3,2,1,48260
54,54011,WV,Cabell,2,2,1,26580
54,54015,WV,Clay,3,2,1,16620
54,54019,WV,Fayette,3,2,1,13220
54,54027,WV,Hampshire,3,2,1,49020
54,54029,WV,Hancock,3,2,1,48260
54,54037,WV,Jefferson,1,1,1,47900
54,54039,WV,Kanawha,3,2,1,16620
54,54043,WV,Lincoln,2,2,1,26580
54,54051,WV,Marshall,3,2,1,48540
54,54057,WV,Mineral,3,2,1,19060
54,54061,WV,Monongalia,3,2,1,34060
54,54069,WV,Ohio,3,2,1,48540
54,54077,WV,Preston,3,2,1,34060
54,54079,WV,Putnam,2,2,1,26580
54,54081,WV,Raleigh,3,2,1,13220
54,54099,WV,Wayne,2,2,1,26580
54,54105,WV,Wirt,3,2,1,37620
54,54107,WV,Wood,3,2,1,37620
55,55009,WI,Brown,2,2,1,24580
55,55015,WI,Calumet,3,2,1,11540
55,55017,WI,Chippewa,3,2,1,20740
55,55021,WI,Columbia,2,2,1,31540
55,55025,WI,Dane,2,2,1,31540
55,55031,WI,Douglas,2,2,1,20260
55,55035,WI,Eau Claire,3,2,1,20740
55,55039,WI,Fond du Lac,3,2,1,22540
55,55045,WI,Green,2,2,1,31540
55,55049,WI,Iowa,2,2,1,31540
55,55059,WI,Kenosha,1,1,1,16980
55,55061,WI,Kewaunee,2,2,1,24580
55,55063,WI,La Crosse,3,2,1,29100
55,55073,WI,Marathon,3,2,1,48140
55,55079,WI,Milwaukee,1,1,1,33340
55,55083,WI,Oconto,2,2,1,24580
55,55087,WI,Outagamie,3,2,1,11540
55,55089,WI,Ozaukee,1,1,1,33340
55,55093,WI,Pierce,1,1,1,33460
55,55101,WI,Racine,3,2,1,39540
55,55105,WI,Rock,3,2,1,27500
55,55109,WI,St. Croix,1,1,1,33460
55,55117,WI,Sheboygan,3,2,1,43100
55,55131,WI,Washington,1,1,1,33340
55,55133,WI,Waukesha,1,1,1,33340
55,55139,WI,Winnebago,3,2,1,36780
56,56021,WY,Laramie,3,2,1,16940
56,56025,WY,Natrona,3,2,1,16220
15,15005,HI,Kalawao,NULL,NULL,NULL,27980
